{"cameraMode":{"drawMode":0,"name":"Shaded","section":"Shading Mode"},"sceneLighting":false,"audioPlay":false,"sceneViewState":{"m_AlwaysRefresh":false,"showFog":true,"showSkybox":false,"showFlares":true,"showImageEffects":true,"showParticleSystems":true,"showVisualEffectGraphs":true,"m_FxEnabled":true},"in2DMode":false,"pivot":{"x":0.7706699371337891,"y":1.5530288219451905,"z":0.11320720613002777},"rotation":{"x":-0.06431829184293747,"y":0.9311417937278748,"z":-0.20168952643871308,"w":-0.2969360947608948},"size":1.6038315296173096,"orthographic":false}