{"cameraMode":{"drawMode":0,"name":"Shaded","section":"Shading Mode"},"sceneLighting":false,"audioPlay":false,"sceneViewState":{"m_AlwaysRefresh":false,"showFog":false,"showSkybox":false,"showFlares":false,"showImageEffects":false,"showParticleSystems":false,"showVisualEffectGraphs":true,"m_FxEnabled":true},"in2DMode":false,"pivot":{"x":-0.015546292066574097,"y":0.8938398361206055,"z":0.11172160506248474},"rotation":{"x":-0.29970642924308779,"y":-0.025695636868476869,"z":0.008077719248831272,"w":-0.9536497592926025},"size":1.0641032457351685,"orthographic":false}