{"cameraMode":{"drawMode":0,"name":"Shaded","section":"Shading Mode"},"sceneLighting":false,"audioPlay":false,"sceneViewState":{"m_AlwaysRefresh":false,"showFog":false,"showSkybox":false,"showFlares":false,"showImageEffects":false,"showParticleSystems":false,"showVisualEffectGraphs":true,"m_FxEnabled":true},"in2DMode":false,"pivot":{"x":0.019196033477783204,"y":0.8539840579032898,"z":0.13731098175048829},"rotation":{"x":-0.29970642924308779,"y":-0.025695636868476869,"z":0.008077719248831272,"w":-0.9536497592926025},"size":0.8660253882408142,"orthographic":false}