{"cameraMode":{"drawMode":0,"name":"Shaded","section":"Shading Mode"},"sceneLighting":false,"audioPlay":false,"sceneViewState":{"m_AlwaysRefresh":false,"showFog":true,"showSkybox":false,"showFlares":true,"showImageEffects":true,"showParticleSystems":true,"showVisualEffectGraphs":true,"m_FxEnabled":true},"in2DMode":false,"pivot":{"x":-1.1488761901855469,"y":-0.007359027862548828,"z":1.7015879154205323},"rotation":{"x":-0.22211378812789918,"y":0.46898332238197329,"z":-0.12316901236772537,"w":-0.8459369540214539},"size":2.3308491706848146,"orthographic":false}