{"cameraMode":{"drawMode":0,"name":"Shaded","section":"Shading Mode"},"sceneLighting":false,"audioPlay":false,"sceneViewState":{"m_AlwaysRefresh":false,"showFog":true,"showSkybox":false,"showFlares":true,"showImageEffects":true,"showParticleSystems":true,"showVisualEffectGraphs":true,"m_FxEnabled":true},"in2DMode":false,"pivot":{"x":4.06482458114624,"y":2.5110418796539308,"z":-8.819775581359864},"rotation":{"x":0.007392639759927988,"y":0.9881505966186523,"z":-0.14479929208755494,"w":0.050449393689632419},"size":1.7469663619995118,"orthographic":false}